{
  "mean_reward": -42.381,
  "median_reward": -43.95000000000002,
  "std_reward": 2.396687088461913,
  "mean_length": 200.0,
  "success_rate": 0.0,
  "n_episodes": 50
}